filename,text
KL498262_5557.jpg,KL498262
TN58D5353_1106.jpg,TN58D5353
DL3CD1210_3615.jpg,DL3CD1210
KL07BX7197_7924.jpg,KL07BX7197
RJ11GB8850_6574.jpg,RJ11GB8850
KL03S6894_5552.jpg,KL03S6894
KL35H5834_3547.jpg,KL35H5834
MH18AA1002_4527.jpg,MH18AA1002
MP04PA0434_6514.jpg,MP04PA0434
KA09C2763_2674.jpg,KA09C2763
UP84AE9889_2519.jpg,UP84AE9889
TN58AP5280_7224.jpg,TN58AP5280
KL34A465_2584.jpg,KL34A465
RJ11GB1829_6881.jpg,RJ11GB1829
MP13GA9462_6635.jpg,MP13GA9462
KL41L7001_5333.jpg,KL41L7001
KL34A465_1711.jpg,KL34A465
