epoch,time,train/box_loss,train/cls_loss,train/dfl_loss,metrics/precision(B),metrics/recall(B),metrics/mAP50(B),metrics/mAP50-95(B),val/box_loss,val/cls_loss,val/dfl_loss,lr/pg0,lr/pg1,lr/pg2
1,12.1891,1.16624,3.96106,1.38006,0.00187,0.5625,0.1878,0.157,0.80224,4.21681,1.18898,0.0005,0.0005,0.0005
2,21.2348,1.01528,2.98586,1.16232,0.0025,0.75,0.18143,0.12065,1.18357,4.15182,1.14118,0.00114357,0.00114357,0.00114357
3,33.2916,1.1192,2.56636,1.15072,0.0025,0.75,0.18143,0.12065,1.18357,4.15182,1.14118,0.00176073,0.00176073,0.00176073
4,42.6087,1.47806,3.36344,1.34758,0.00333,1,0.12883,0.04767,1.80699,4.60495,1.49957,0.0018812,0.0018812,0.0018812
5,52.6987,1.68671,4.5463,1.44842,0.00333,1,0.12883,0.04767,1.80699,4.60495,1.49957,0.0018416,0.0018416,0.0018416
6,62.3584,1.72906,4.28333,1.36153,0.00271,0.8125,0.02077,0.00641,1.90099,5.06401,1.65732,0.001802,0.001802,0.001802
7,71.8744,1.57354,3.55196,1.34571,0.00271,0.8125,0.08249,0.02403,1.97419,5.25163,1.71868,0.0017624,0.0017624,0.0017624
8,81.1165,1.46177,3.14682,1.24529,0.00271,0.8125,0.08249,0.02403,1.97419,5.25163,1.71868,0.0017228,0.0017228,0.0017228
9,90.4129,1.49911,3.10404,1.29224,0.55367,0.0625,0.11878,0.06685,1.78713,4.83012,1.57307,0.0016832,0.0016832,0.0016832
10,100.658,1.45495,2.79889,1.20104,0.55367,0.0625,0.11878,0.06685,1.78713,4.83012,1.57307,0.0016436,0.0016436,0.0016436
11,112.556,1.4227,2.67317,1.23645,0.98135,0.1875,0.21571,0.08094,1.68446,4.17995,1.44308,0.001604,0.001604,0.001604
12,123.043,1.41825,2.91763,1.24207,0.98135,0.1875,0.21571,0.08094,1.68446,4.17995,1.44308,0.0015644,0.0015644,0.0015644
13,133.535,1.39502,2.52413,1.21733,0.2029,0.1875,0.19433,0.09839,1.56773,3.89023,1.35334,0.0015248,0.0015248,0.0015248
14,145.198,1.37474,2.47138,1.28509,0.62511,0.25,0.31655,0.17204,1.57365,4.05805,1.37965,0.0014852,0.0014852,0.0014852
15,154.381,1.26754,2.20578,1.22627,0.62511,0.25,0.31655,0.17204,1.57365,4.05805,1.37965,0.0014456,0.0014456,0.0014456
16,163.543,1.28624,2.21716,1.11587,0.38462,0.4375,0.3947,0.23974,1.54315,3.57513,1.33467,0.001406,0.001406,0.001406
17,173.024,1.32708,2.21295,1.20424,0.38462,0.4375,0.3947,0.23974,1.54315,3.57513,1.33467,0.0013664,0.0013664,0.0013664
18,182.356,1.14532,1.96581,1.10808,0.44608,0.5,0.40715,0.23912,1.55285,3.67563,1.33171,0.0013268,0.0013268,0.0013268
19,191.196,1.28736,2.17848,1.12787,0.44608,0.5,0.40715,0.23912,1.55285,3.67563,1.33171,0.0012872,0.0012872,0.0012872
20,202.543,1.34626,2.04293,1.1918,0.2774,0.26464,0.24206,0.16335,1.58246,3.85971,1.29881,0.0012476,0.0012476,0.0012476
21,212.029,1.19157,2.0734,1.05913,0.56469,0.2441,0.2287,0.13128,1.59514,4.19655,1.43751,0.001208,0.001208,0.001208
22,221.665,1.1722,1.90881,1.09018,0.56469,0.2441,0.2287,0.13128,1.59514,4.19655,1.43751,0.0011684,0.0011684,0.0011684
23,231.602,1.11201,1.77186,1.05299,0.2731,0.35293,0.28382,0.1622,1.36863,4.20016,1.27799,0.0011288,0.0011288,0.0011288
24,242.36,1.08899,1.6848,1.03566,0.2731,0.35293,0.28382,0.1622,1.36863,4.20016,1.27799,0.0010892,0.0010892,0.0010892
25,253.209,1.20135,1.91564,1.12124,0.45151,0.41264,0.37532,0.24172,1.3183,4.6068,1.20979,0.0010496,0.0010496,0.0010496
26,262.56,1.08925,1.59394,1.10832,0.45151,0.41264,0.37532,0.24172,1.3183,4.6068,1.20979,0.00101,0.00101,0.00101
27,271.834,1.1453,2.00994,1.1845,0.55266,0.375,0.41642,0.25029,1.32209,4.45207,1.20929,0.0009704,0.0009704,0.0009704
28,283.897,1.0883,1.60169,1.04692,0.64425,0.4375,0.42488,0.23667,1.26881,4.39127,1.1739,0.0009308,0.0009308,0.0009308
29,296.314,1.05849,1.63553,1.07434,0.64425,0.4375,0.42488,0.23667,1.26881,4.39127,1.1739,0.0008912,0.0008912,0.0008912
30,305.723,1.13289,1.82479,1.06033,0.72806,0.375,0.43392,0.2578,1.20837,3.71138,1.2017,0.0008516,0.0008516,0.0008516
31,315.208,1.07131,1.54312,1.07444,0.72806,0.375,0.43392,0.2578,1.20837,3.71138,1.2017,0.000812,0.000812,0.000812
32,324.417,1.07406,1.74253,1.14445,0.87281,0.42984,0.51399,0.32194,1.14334,3.09582,1.1521,0.0007724,0.0007724,0.0007724
33,334.18,0.90331,1.48627,1.01691,0.87281,0.42984,0.51399,0.32194,1.14334,3.09582,1.1521,0.0007328,0.0007328,0.0007328
34,344.512,1.12286,1.60701,1.07636,0.78887,0.5,0.58747,0.38623,1.1555,2.84488,1.13648,0.0006932,0.0006932,0.0006932
35,354.336,1.08274,1.72505,1.05913,0.851,0.5,0.61317,0.403,1.18392,2.73824,1.14702,0.0006536,0.0006536,0.0006536
36,366.047,0.95439,1.38305,1.03973,0.851,0.5,0.61317,0.403,1.18392,2.73824,1.14702,0.000614,0.000614,0.000614
37,378.442,0.98629,1.49283,1.04109,0.86906,0.5,0.59754,0.39124,1.2021,2.77968,1.15031,0.0005744,0.0005744,0.0005744
38,388.762,1.02492,1.50412,1.05603,0.86906,0.5,0.59754,0.39124,1.2021,2.77968,1.15031,0.0005348,0.0005348,0.0005348
39,398.387,0.90028,1.47817,1.00055,0.76107,0.5,0.58813,0.41704,1.11778,2.76767,1.12376,0.0004952,0.0004952,0.0004952
40,409.92,0.97996,1.47839,1.02586,0.76107,0.5,0.58813,0.41704,1.11778,2.76767,1.12376,0.0004556,0.0004556,0.0004556
41,419.866,0.79071,1.71364,0.93788,0.67783,0.5625,0.58962,0.44233,1.08898,2.71316,1.10361,0.000416,0.000416,0.000416
42,430.441,0.79735,1.77302,0.96971,0.63972,0.5625,0.5613,0.41629,1.06746,2.72803,1.11312,0.0003764,0.0003764,0.0003764
43,439.748,0.72624,1.69493,1.01281,0.63972,0.5625,0.5613,0.41629,1.06746,2.72803,1.11312,0.0003368,0.0003368,0.0003368
44,449.277,0.78192,1.66038,0.97515,0.86257,0.4375,0.56066,0.40926,1.08545,2.68308,1.12917,0.0002972,0.0002972,0.0002972
45,458.468,0.75047,1.75017,0.92183,0.86257,0.4375,0.56066,0.40926,1.08545,2.68308,1.12917,0.0002576,0.0002576,0.0002576
46,468.008,0.69844,1.5512,0.89226,0.69204,0.56184,0.57396,0.42324,1.08611,2.65055,1.1333,0.000218,0.000218,0.000218
47,477.482,0.71575,1.66808,0.88273,0.69204,0.56184,0.57396,0.42324,1.08611,2.65055,1.1333,0.0001784,0.0001784,0.0001784
48,486.753,0.72582,1.59706,0.88795,0.80223,0.50765,0.59907,0.45981,1.08308,2.60313,1.13373,0.0001388,0.0001388,0.0001388
49,496.343,0.69266,1.60916,0.89816,0.8922,0.5625,0.61962,0.46208,1.07296,2.54876,1.1315,9.92e-05,9.92e-05,9.92e-05
50,505.753,0.70642,1.62619,0.93671,0.8922,0.5625,0.61962,0.46208,1.07296,2.54876,1.1315,5.96e-05,5.96e-05,5.96e-05
